,file,raw_name,scale,scope,model_key,lookup_key,model_family,variant,benchmark,benchmark_eval,client,weighted_accuracy,categories,subcategories,match_key,benchmark_norm,STEM,go,gsm8k,humanities,java,javascript,"other (business, health, misc.)",php,python,ruby,social sciences
0,eval_result/accuracies_ckpts_baselines_llama2_all_in_one.ckpt.json,baselines_llama2_all_in_one,default,baseline,llama2,llama2,LLaMA 2,Baseline (All-in-one),all_in_one,all_in_one,,0.4137587238285145,"{'STEM': 0.35321404903909875, 'humanities': 0.3534537725823592, 'social sciences': 0.4926876828079298, 'other (business, health, misc.)': 0.48272671190623073}",{},"('baseline', 'default', 'llama2', 'all_in_one', '')",mmlu,0.35321404903909875,,,0.3534537725823592,,,0.48272671190623073,,,,0.4926876828079298
1,eval_result/accuracies_ckpts_full_baselines_llama2_all_in_one.ckpt.json,full_baselines_llama2_all_in_one,full,baseline,llama2,llama2,LLaMA 2,Baseline (All-in-one),all_in_one,all_in_one,,0.4115510611024071,"{'STEM': 0.36713055003313455, 'humanities': 0.3424017003188098, 'social sciences': 0.48423789405264867, 'other (business, health, misc.)': 0.4842689697717458}",{},"('baseline', 'full', 'llama2', 'all_in_one', '')",mmlu,0.36713055003313455,,,0.3424017003188098,,,0.4842689697717458,,,,0.48423789405264867
2,eval_result/accuracies_ckpts_full_baselines_llama2_all_in_one.ckpt__code.json,full_baselines_llama2_all_in_one,full,baseline,llama2,llama2,LLaMA 2,Baseline (All-in-one),all_in_one,code,,0.5340250077092182,"{'python': 0.5418921356421357, 'javascript': 0.5170445781274101, 'java': 0.5313835519714594, 'ruby': 0.5436594997806056, 'php': 0.5448557641506111, 'go': 0.511440766916241}",{},"('baseline', 'full', 'llama2', 'all_in_one', '')",code,,0.511440766916241,,,0.5313835519714594,0.5170445781274101,,0.5448557641506111,0.5418921356421357,0.5436594997806056,
3,eval_result/accuracies_ckpts_full_baselines_llama2_all_in_one.ckpt__gsm8k.json,full_baselines_llama2_all_in_one,full,baseline,llama2,llama2,LLaMA 2,Baseline (All-in-one),all_in_one,gsm8k,,0.07050796057619409,{'gsm8k': 0.07050796057619409},{},"('baseline', 'full', 'llama2', 'all_in_one', '')",gsm8k,,,0.07050796057619409,,,,,,,,
4,eval_result/accuracies_ckpts_baselines_llama2_code_local.ckpt.json,baselines_llama2_code_local,default,baseline,llama2,llama2,LLaMA 2,Baseline (Code Local),code_local,code_local,,0.3721692066657171,"{'STEM': 0.3442677269715043, 'humanities': 0.32688629117959617, 'social sciences': 0.433539161520962, 'other (business, health, misc.)': 0.405613818630475}",{},"('baseline', 'default', 'llama2', 'code_local', '')",code,0.3442677269715043,,,0.32688629117959617,,,0.405613818630475,,,,0.433539161520962
5,eval_result/accuracies_ckpts_full_baselines_llama2_code_local.ckpt.json,full_baselines_llama2_code_local,full,baseline,llama2,llama2,LLaMA 2,Baseline (Code Local),code_local,code_local,,0.3378436120210796,"{'STEM': 0.28793903247183567, 'humanities': 0.30350690754516474, 'social sciences': 0.37081572960675985, 'other (business, health, misc.)': 0.4028377544725478}",{},"('baseline', 'full', 'llama2', 'code_local', '')",code,0.28793903247183567,,,0.30350690754516474,,,0.4028377544725478,,,,0.37081572960675985
6,eval_result/accuracies_ckpts_full_baselines_llama2_code_local.ckpt__code.json,full_baselines_llama2_code_local,full,baseline,llama2,llama2,LLaMA 2,Baseline (Code Local),code_local,code,,0.5082811924917188,"{'python': 0.5100108225108225, 'javascript': 0.5110288446706771, 'java': 0.5060017094652347, 'ruby': 0.5142606406318561, 'php': 0.5062167588320242, 'go': 0.5117906374641382}",{},"('baseline', 'full', 'llama2', 'code_local', '')",code,,0.5117906374641382,,,0.5060017094652347,0.5110288446706771,,0.5062167588320242,0.5100108225108225,0.5142606406318561,
7,eval_result/accuracies_ckpts_full_baselines_llama2_code_local.ckpt__gsm8k.json,full_baselines_llama2_code_local,full,baseline,llama2,llama2,LLaMA 2,Baseline (Code Local),code_local,gsm8k,,0.053828658074298714,{'gsm8k': 0.053828658074298714},{},"('baseline', 'full', 'llama2', 'code_local', '')",gsm8k,,,0.053828658074298714,,,,,,,,
8,eval_result/accuracies_ckpts_baselines_llama2_gsm8k_local.ckpt.json,baselines_llama2_gsm8k_local,default,baseline,llama2,llama2,LLaMA 2,Baseline (Gsm8K Local),gsm8k_local,gsm8k_local,,0.36155818259507194,"{'STEM': 0.31245858184227965, 'humanities': 0.3281615302869288, 'social sciences': 0.3945401364965876, 'other (business, health, misc.)': 0.4244293645897594}",{},"('baseline', 'default', 'llama2', 'gsm8k_local', '')",gsm8k,0.31245858184227965,,,0.3281615302869288,,,0.4244293645897594,,,,0.3945401364965876
9,eval_result/accuracies_ckpts_full_baselines_llama2_gsm8k_local.ckpt.json,full_baselines_llama2_gsm8k_local,full,baseline,llama2,llama2,LLaMA 2,Baseline (Gsm8K Local),gsm8k_local,gsm8k_local,,0.3886910696481983,"{'STEM': 0.3326706428098078, 'humanities': 0.338788522848034, 'social sciences': 0.4452388690282743, 'other (business, health, misc.)': 0.459592843923504}",{},"('baseline', 'full', 'llama2', 'gsm8k_local', '')",gsm8k,0.3326706428098078,,,0.338788522848034,,,0.459592843923504,,,,0.4452388690282743
10,eval_result/accuracies_ckpts_full_baselines_llama2_gsm8k_local.ckpt__code.json,full_baselines_llama2_gsm8k_local,full,baseline,llama2,llama2,LLaMA 2,Baseline (Gsm8K Local),gsm8k_local,code,,0.4958867590446538,"{'python': 0.49210858585858586, 'javascript': 0.4965293845441925, 'java': 0.4961908655096808, 'ruby': 0.49758666081614744, 'php': 0.4958965869465676, 'go': 0.5005947799314254}",{},"('baseline', 'full', 'llama2', 'gsm8k_local', '')",code,,0.5005947799314254,,,0.4961908655096808,0.4965293845441925,,0.4958965869465676,0.49210858585858586,0.49758666081614744,
11,eval_result/accuracies_ckpts_full_baselines_llama2_gsm8k_local.ckpt__gsm8k.json,full_baselines_llama2_gsm8k_local,full,baseline,llama2,llama2,LLaMA 2,Baseline (Gsm8K Local),gsm8k_local,gsm8k,,0.07050796057619409,{'gsm8k': 0.07050796057619409},{},"('baseline', 'full', 'llama2', 'gsm8k_local', '')",gsm8k,,,0.07050796057619409,,,,,,,,
12,eval_result/accuracies_ckpts_baselines_llama2_instr_local.ckpt.json,baselines_llama2_instr_local,default,baseline,llama2,llama2,LLaMA 2,Baseline (Instr Local),instr_local,instr_local,,0.38605611736219914,"{'STEM': 0.3379721669980119, 'humanities': 0.33517534537725824, 'social sciences': 0.4419889502762431, 'other (business, health, misc.)': 0.45157310302282544}",{},"('baseline', 'default', 'llama2', 'instr_local', '')",mmlu,0.3379721669980119,,,0.33517534537725824,,,0.45157310302282544,,,,0.4419889502762431
13,eval_result/accuracies_ckpts_full_baselines_llama2_instr_local.ckpt.json,full_baselines_llama2_instr_local,full,baseline,llama2,llama2,LLaMA 2,Baseline (Instr Local),instr_local,instr_local,,0.3874804158951716,"{'STEM': 0.3538767395626243, 'humanities': 0.3277364505844846, 'social sciences': 0.4306142346441339, 'other (business, health, misc.)': 0.46452806909315236}",{},"('baseline', 'full', 'llama2', 'instr_local', '')",mmlu,0.3538767395626243,,,0.3277364505844846,,,0.46452806909315236,,,,0.4306142346441339
14,eval_result/accuracies_ckpts_full_baselines_llama2_instr_local.ckpt__code.json,full_baselines_llama2_instr_local,full,baseline,llama2,llama2,LLaMA 2,Baseline (Instr Local),instr_local,code,,0.5104298262192999,"{'python': 0.5121753246753247, 'javascript': 0.49390714175536016, 'java': 0.5073023895350998, 'ruby': 0.5177709521720053, 'php': 0.5121693494417245, 'go': 0.5164789028059618}",{},"('baseline', 'full', 'llama2', 'instr_local', '')",code,,0.5164789028059618,,,0.5073023895350998,0.49390714175536016,,0.5121693494417245,0.5121753246753247,0.5177709521720053,
15,eval_result/accuracies_ckpts_full_baselines_llama2_instr_local.ckpt__gsm8k.json,full_baselines_llama2_instr_local,full,baseline,llama2,llama2,LLaMA 2,Baseline (Instr Local),instr_local,gsm8k,,0.08188021228203184,{'gsm8k': 0.08188021228203184},{},"('baseline', 'full', 'llama2', 'instr_local', '')",gsm8k,,,0.08188021228203184,,,,,,,,
16,eval_result/accuracies_ckpts_full_baselines_llama2_interleaved_all_in_one.ckpt.json,full_baselines_llama2_interleaved_all_in_one,full,baseline,llama2,llama2,LLaMA 2,Baseline (Interleaved),interleaved_all_in_one,interleaved_all_in_one,,0.3627688363480986,"{'STEM': 0.314777998674619, 'humanities': 0.32114771519659935, 'social sciences': 0.4081897952551186, 'other (business, health, misc.)': 0.42473781616286244}",{},"('baseline', 'full', 'llama2', 'interleaved_all_in_one', '')",mmlu,0.314777998674619,,,0.32114771519659935,,,0.42473781616286244,,,,0.4081897952551186
17,eval_result/accuracies_ckpts_full_baselines_llama2_interleaved_all_in_one.ckpt__code.json,full_baselines_llama2_interleaved_all_in_one,full,baseline,llama2,llama2,LLaMA 2,Baseline (Interleaved),interleaved_all_in_one,code,,0.5142297247560406,"{'python': 0.5024801587301587, 'javascript': 0.5059386086688261, 'java': 0.5094949645100152, 'ruby': 0.5138218516893375, 'php': 0.5267514353140079, 'go': 0.5203274788328318}",{},"('baseline', 'full', 'llama2', 'interleaved_all_in_one', '')",code,,0.5203274788328318,,,0.5094949645100152,0.5059386086688261,,0.5267514353140079,0.5024801587301587,0.5138218516893375,
18,eval_result/accuracies_ckpts_full_baselines_llama2_interleaved_all_in_one.ckpt__gsm8k.json,full_baselines_llama2_interleaved_all_in_one,full,baseline,llama2,llama2,LLaMA 2,Baseline (Interleaved),interleaved_all_in_one,gsm8k,,0.07429871114480667,{'gsm8k': 0.07429871114480667},{},"('baseline', 'full', 'llama2', 'interleaved_all_in_one', '')",gsm8k,,,0.07429871114480667,,,,,,,,
19,eval_result/accuracies_ckpts_baselines_qwen_moe_all_in_one.ckpt.json,baselines_qwen_moe_all_in_one,default,baseline,qwen_moe,qwen_moe,Qwen 1.5 MoE,Baseline (All-in-one),all_in_one,all_in_one,,0.5341831647913403,"{'STEM': 0.5132538104705102, 'humanities': 0.3942614240170032, 'social sciences': 0.6597335066623334, 'other (business, health, misc.)': 0.6375694016039481}",{},"('baseline', 'default', 'qwen_moe', 'all_in_one', '')",mmlu,0.5132538104705102,,,0.3942614240170032,,,0.6375694016039481,,,,0.6597335066623334
20,eval_result/accuracies_ckpts_full_baselines_qwen_moe_all_in_one.ckpt.json,full_baselines_qwen_moe_all_in_one,full,baseline,qwen_moe,qwen_moe,Qwen 1.5 MoE,Baseline (All-in-one),all_in_one,all_in_one,,0.5326876513317191,"{'STEM': 0.5033134526176276, 'humanities': 0.40488841657810837, 'social sciences': 0.6568085797855053, 'other (business, health, misc.)': 0.6276989512646515}",{},"('baseline', 'full', 'qwen_moe', 'all_in_one', '')",mmlu,0.5033134526176276,,,0.40488841657810837,,,0.6276989512646515,,,,0.6568085797855053
21,eval_result/accuracies_ckpts_full_baselines_qwen_moe_all_in_one.ckpt__gsm8k.json,full_baselines_qwen_moe_all_in_one,full,baseline,qwen_moe,qwen_moe,Qwen 1.5 MoE,Baseline (All-in-one),all_in_one,gsm8k,,0.6004548900682335,{'gsm8k': 0.6004548900682335},{},"('baseline', 'full', 'qwen_moe', 'all_in_one', '')",gsm8k,,,0.6004548900682335,,,,,,,,
22,eval_result/accuracies_ckpts_baselines_qwen_moe_code_local.ckpt.json,baselines_qwen_moe_code_local,default,baseline,qwen_moe,qwen_moe,Qwen 1.5 MoE,Baseline (Code Local),code_local,code_local,,0.5318330722119357,"{'STEM': 0.49204771371769385, 'humanities': 0.40913921360255046, 'social sciences': 0.6542086447838804, 'other (business, health, misc.)': 0.6307834669956817}",{},"('baseline', 'default', 'qwen_moe', 'code_local', '')",code,0.49204771371769385,,,0.40913921360255046,,,0.6307834669956817,,,,0.6542086447838804
23,eval_result/accuracies_ckpts_full_baselines_qwen_moe_code_local.ckpt.json,full_baselines_qwen_moe_code_local,full,baseline,qwen_moe,qwen_moe,Qwen 1.5 MoE,Baseline (Code Local),code_local,code_local,,0.5304799886056117,"{'STEM': 0.5066269052352551, 'humanities': 0.4002125398512221, 'social sciences': 0.6532336691582711, 'other (business, health, misc.)': 0.6252313386798273}",{},"('baseline', 'full', 'qwen_moe', 'code_local', '')",code,0.5066269052352551,,,0.4002125398512221,,,0.6252313386798273,,,,0.6532336691582711
24,eval_result/accuracies_ckpts_full_baselines_qwen_moe_code_local.ckpt__gsm8k.json,full_baselines_qwen_moe_code_local,full,baseline,qwen_moe,qwen_moe,Qwen 1.5 MoE,Baseline (Code Local),code_local,gsm8k,,0.579226686884003,{'gsm8k': 0.579226686884003},{},"('baseline', 'full', 'qwen_moe', 'code_local', '')",gsm8k,,,0.579226686884003,,,,,,,,
25,eval_result/accuracies_ckpts_baselines_qwen_moe_gsm8k_local.ckpt.json,baselines_qwen_moe_gsm8k_local,default,baseline,qwen_moe,qwen_moe,Qwen 1.5 MoE,Baseline (Gsm8K Local),gsm8k_local,gsm8k_local,,0.500569719413189,"{'STEM': 0.46587143803843606, 'humanities': 0.38108395324123273, 'social sciences': 0.6155346116347091, 'other (business, health, misc.)': 0.5971622455274522}",{},"('baseline', 'default', 'qwen_moe', 'gsm8k_local', '')",gsm8k,0.46587143803843606,,,0.38108395324123273,,,0.5971622455274522,,,,0.6155346116347091
26,eval_result/accuracies_ckpts_full_baselines_qwen_moe_gsm8k_local.ckpt.json,full_baselines_qwen_moe_gsm8k_local,full,baseline,qwen_moe,qwen_moe,Qwen 1.5 MoE,Baseline (Gsm8K Local),gsm8k_local,gsm8k_local,,0.534040734938043,"{'STEM': 0.5059642147117296, 'humanities': 0.4025504782146653, 'social sciences': 0.6571335716607085, 'other (business, health, misc.)': 0.634176434299815}",{},"('baseline', 'full', 'qwen_moe', 'gsm8k_local', '')",gsm8k,0.5059642147117296,,,0.4025504782146653,,,0.634176434299815,,,,0.6571335716607085
27,eval_result/accuracies_ckpts_full_baselines_qwen_moe_gsm8k_local.ckpt__gsm8k.json,full_baselines_qwen_moe_gsm8k_local,full,baseline,qwen_moe,qwen_moe,Qwen 1.5 MoE,Baseline (Gsm8K Local),gsm8k_local,gsm8k,,0.5875663381349507,{'gsm8k': 0.5875663381349507},{},"('baseline', 'full', 'qwen_moe', 'gsm8k_local', '')",gsm8k,,,0.5875663381349507,,,,,,,,
28,eval_result/accuracies_ckpts_baselines_qwen_moe_instr_local.ckpt.json,baselines_qwen_moe_instr_local,default,baseline,qwen_moe,qwen_moe,Qwen 1.5 MoE,Baseline (Instr Local),instr_local,instr_local,,0.5064093433983763,"{'STEM': 0.4592445328031809, 'humanities': 0.39659936238044635, 'social sciences': 0.6295092622684433, 'other (business, health, misc.)': 0.5928439235040098}",{},"('baseline', 'default', 'qwen_moe', 'instr_local', '')",mmlu,0.4592445328031809,,,0.39659936238044635,,,0.5928439235040098,,,,0.6295092622684433
29,eval_result/accuracies_ckpts_full_baselines_qwen_moe_instr_local.ckpt.json,full_baselines_qwen_moe_instr_local,full,baseline,qwen_moe,qwen_moe,Qwen 1.5 MoE,Baseline (Instr Local),instr_local,instr_local,,0.5333285856715567,"{'STEM': 0.510934393638171, 'humanities': 0.4025504782146653, 'social sciences': 0.6538836529086773, 'other (business, health, misc.)': 0.6295496607032696}",{},"('baseline', 'full', 'qwen_moe', 'instr_local', '')",mmlu,0.510934393638171,,,0.4025504782146653,,,0.6295496607032696,,,,0.6538836529086773
30,eval_result/accuracies_ckpts_full_baselines_qwen_moe_instr_local.ckpt__gsm8k.json,full_baselines_qwen_moe_instr_local,full,baseline,qwen_moe,qwen_moe,Qwen 1.5 MoE,Baseline (Instr Local),instr_local,gsm8k,,0.5868081880212282,{'gsm8k': 0.5868081880212282},{},"('baseline', 'full', 'qwen_moe', 'instr_local', '')",gsm8k,,,0.5868081880212282,,,,,,,,
31,eval_result/accuracies_ckpts_full_baselines_qwen_moe_interleaved_all_in_one.ckpt__gsm8k.json,full_baselines_qwen_moe_interleaved_all_in_one,full,baseline,qwen_moe,qwen_moe,Qwen 1.5 MoE,Baseline (Interleaved),interleaved_all_in_one,gsm8k,,0.4844579226686884,{'gsm8k': 0.4844579226686884},{},"('baseline', 'full', 'qwen_moe', 'interleaved_all_in_one', '')",gsm8k,,,0.4844579226686884,,,,,,,,
32,eval_result/accuracies_ckpts_full_llama2_composite_meta3_clients_client_1_client_1.ckpt.json,full_llama2_composite_meta3_clients_client_1_client_1,full,client,llama2_composite_meta3,llama2_composite_meta3,LLaMA 2,Standard,,,client_1,0.2293832787352229,"{'STEM': 0.2123923127899271, 'humanities': 0.24250797024442083, 'social sciences': 0.21774455638609036, 'other (business, health, misc.)': 0.23719925971622455}",{},"('client', 'full', 'llama2_composite_meta3', '', 'client_1')",mmlu,0.2123923127899271,,,0.24250797024442083,,,0.23719925971622455,,,,0.21774455638609036
33,eval_result/accuracies_ckpts_full_llama2_composite_meta3_clients_client_1_client_1.ckpt__code.json,full_llama2_composite_meta3_clients_client_1_client_1,full,client,llama2_composite_meta3,llama2_composite_meta3,LLaMA 2,Standard,code,code,client_1,0.5039640302798197,"{'python': 0.5051406926406926, 'javascript': 0.5010026222427888, 'java': 0.508008473001598, 'ruby': 0.4835454146555507, 'php': 0.5023422915712726, 'go': 0.5023441326709117}",{},"('client', 'full', 'llama2_composite_meta3', 'code', 'client_1')",code,,0.5023441326709117,,,0.508008473001598,0.5010026222427888,,0.5023422915712726,0.5051406926406926,0.4835454146555507,
34,eval_result/accuracies_ckpts_full_llama2_composite_meta3_clients_client_1_client_1.ckpt__gsm8k.json,full_llama2_composite_meta3_clients_client_1_client_1,full,client,llama2_composite_meta3,llama2_composite_meta3,LLaMA 2,Standard,gsm8k,gsm8k,client_1,0.009855951478392721,{'gsm8k': 0.009855951478392721},{},"('client', 'full', 'llama2_composite_meta3', 'gsm8k', 'client_1')",gsm8k,,,0.009855951478392721,,,,,,,,
35,eval_result/accuracies_ckpts_full_llama2_composite_meta3_clients_client_2_client_2.ckpt.json,full_llama2_composite_meta3_clients_client_2_client_2,full,client,llama2_composite_meta3,llama2_composite_meta3,LLaMA 2,Standard,,,client_2,0.23308645492095142,"{'STEM': 0.21603711066931744, 'humanities': 0.23506907545164718, 'social sciences': 0.22001949951251218, 'other (business, health, misc.)': 0.25848241826033314}",{},"('client', 'full', 'llama2_composite_meta3', '', 'client_2')",mmlu,0.21603711066931744,,,0.23506907545164718,,,0.25848241826033314,,,,0.22001949951251218
36,eval_result/accuracies_ckpts_full_llama2_composite_meta3_clients_client_2_client_2.ckpt__code.json,full_llama2_composite_meta3_clients_client_2_client_2,full,client,llama2_composite_meta3,llama2_composite_meta3,LLaMA 2,Standard,code,code,client_2,0.5088282983019825,"{'python': 0.5086129148629148, 'javascript': 0.5116458429739318, 'java': 0.5052213014233157, 'ruby': 0.4861781483106626, 'php': 0.5166778204360537, 'go': 0.5026940032188091}",{},"('client', 'full', 'llama2_composite_meta3', 'code', 'client_2')",code,,0.5026940032188091,,,0.5052213014233157,0.5116458429739318,,0.5166778204360537,0.5086129148629148,0.4861781483106626,
37,eval_result/accuracies_ckpts_full_llama2_composite_meta3_clients_client_2_client_2.ckpt__gsm8k.json,full_llama2_composite_meta3_clients_client_2_client_2,full,client,llama2_composite_meta3,llama2_composite_meta3,LLaMA 2,Standard,gsm8k,gsm8k,client_2,0.013646702047005308,{'gsm8k': 0.013646702047005308},{},"('client', 'full', 'llama2_composite_meta3', 'gsm8k', 'client_2')",gsm8k,,,0.013646702047005308,,,,,,,,
38,eval_result/accuracies_ckpts_full_llama2_composite_meta3_clients_client_3_client_3.ckpt.json,full_llama2_composite_meta3_clients_client_3_client_3,full,client,llama2_composite_meta3,llama2_composite_meta3,LLaMA 2,Standard,,,client_3,0.23963822817262498,"{'STEM': 0.2229953611663353, 'humanities': 0.2414452709883103, 'social sciences': 0.22586935326616833, 'other (business, health, misc.)': 0.2655768044417027}",{},"('client', 'full', 'llama2_composite_meta3', '', 'client_3')",mmlu,0.2229953611663353,,,0.2414452709883103,,,0.2655768044417027,,,,0.22586935326616833
39,eval_result/accuracies_ckpts_full_llama2_composite_meta3_clients_client_3_client_3.ckpt__code.json,full_llama2_composite_meta3_clients_client_3_client_3,full,client,llama2_composite_meta3,llama2_composite_meta3,LLaMA 2,Standard,code,code,client_3,0.500969869390922,"{'python': 0.5057720057720058, 'javascript': 0.4993058769088385, 'java': 0.499312497677357, 'ruby': 0.4901272487933304, 'php': 0.5001232785037512, 'go': 0.5008047022601637}",{},"('client', 'full', 'llama2_composite_meta3', 'code', 'client_3')",code,,0.5008047022601637,,,0.499312497677357,0.4993058769088385,,0.5001232785037512,0.5057720057720058,0.4901272487933304,
40,eval_result/accuracies_ckpts_full_llama2_composite_meta3_clients_client_3_client_3.ckpt__gsm8k.json,full_llama2_composite_meta3_clients_client_3_client_3,full,client,llama2_composite_meta3,llama2_composite_meta3,LLaMA 2,Standard,gsm8k,gsm8k,client_3,0.011372251705837756,{'gsm8k': 0.011372251705837756},{},"('client', 'full', 'llama2_composite_meta3', 'gsm8k', 'client_3')",gsm8k,,,0.011372251705837756,,,,,,,,
41,eval_result/accuracies_ckpts_llama2_composite_meta3_clients_client_1_client_1.ckpt.json,llama2_composite_meta3_clients_client_1_client_1,default,client,llama2_composite_meta3,llama2_composite_meta3,LLaMA 2,Standard,,,client_1,0.2388548639794901,"{'STEM': 0.219350563286945, 'humanities': 0.25292242295430395, 'social sciences': 0.2265193370165746, 'other (business, health, misc.)': 0.24830351634793338}",{},"('client', 'default', 'llama2_composite_meta3', '', 'client_1')",mmlu,0.219350563286945,,,0.25292242295430395,,,0.24830351634793338,,,,0.2265193370165746
42,eval_result/accuracies_ckpts_llama2_composite_meta3_clients_client_2_client_2.ckpt.json,llama2_composite_meta3_clients_client_2_client_2,default,client,llama2_composite_meta3,llama2_composite_meta3,LLaMA 2,Standard,,,client_2,0.3140578265204387,"{'STEM': 0.2803180914512923, 'humanities': 0.29394261424017004, 'social sciences': 0.34026649333766656, 'other (business, health, misc.)': 0.34978408389882787}",{},"('client', 'default', 'llama2_composite_meta3', '', 'client_2')",mmlu,0.2803180914512923,,,0.29394261424017004,,,0.34978408389882787,,,,0.34026649333766656
43,eval_result/accuracies_ckpts_llama2_composite_meta3_clients_client_3_client_3.ckpt.json,llama2_composite_meta3_clients_client_3_client_3,default,client,llama2_composite_meta3,llama2_composite_meta3,LLaMA 2,Standard,,,client_3,0.24797037459051416,"{'STEM': 0.21835652750165674, 'humanities': 0.2563230605738576, 'social sciences': 0.2317192070198245, 'other (business, health, misc.)': 0.27884022208513265}",{},"('client', 'default', 'llama2_composite_meta3', '', 'client_3')",mmlu,0.21835652750165674,,,0.2563230605738576,,,0.27884022208513265,,,,0.2317192070198245
44,eval_result/accuracies_ckpts_full_llama2_composite_meta3_unlearn_bank_perclient_clients_client_1_client_1.ckpt.json,full_llama2_composite_meta3_unlearn_bank_perclient_clients_client_1_client_1,full,client,llama2_composite_meta3_unlearn_bank_perclient,llama2_composite_meta3_unlearn_bank_perclient,LLaMA 2,Unlearn,,,client_1,0.3732374305654465,"{'STEM': 0.32471835652750164, 'humanities': 0.31052072263549413, 'social sciences': 0.4436139096522587, 'other (business, health, misc.)': 0.44262800740283775}",{},"('client', 'full', 'llama2_composite_meta3_unlearn_bank_perclient', '', 'client_1')",mmlu,0.32471835652750164,,,0.31052072263549413,,,0.44262800740283775,,,,0.4436139096522587
45,eval_result/accuracies_ckpts_full_llama2_composite_meta3_unlearn_bank_perclient_clients_client_1_client_1.ckpt__gsm8k.json,full_llama2_composite_meta3_unlearn_bank_perclient_clients_client_1_client_1,full,client,llama2_composite_meta3_unlearn_bank_perclient,llama2_composite_meta3_unlearn_bank_perclient,LLaMA 2,Unlearn,gsm8k,gsm8k,client_1,0.07354056103108415,{'gsm8k': 0.07354056103108415},{},"('client', 'full', 'llama2_composite_meta3_unlearn_bank_perclient', 'gsm8k', 'client_1')",gsm8k,,,0.07354056103108415,,,,,,,,
46,eval_result/accuracies_ckpts_full_llama2_composite_meta3_unlearn_bank_perclient_clients_client_2_client_2.ckpt.json,full_llama2_composite_meta3_unlearn_bank_perclient_clients_client_2_client_2,full,client,llama2_composite_meta3_unlearn_bank_perclient,llama2_composite_meta3_unlearn_bank_perclient,LLaMA 2,Unlearn,,,client_2,0.34289987181313203,"{'STEM': 0.2982107355864811, 'humanities': 0.2922422954303932, 'social sciences': 0.3880402989925252, 'other (business, health, misc.)': 0.4151758173966687}",{},"('client', 'full', 'llama2_composite_meta3_unlearn_bank_perclient', '', 'client_2')",mmlu,0.2982107355864811,,,0.2922422954303932,,,0.4151758173966687,,,,0.3880402989925252
47,eval_result/accuracies_ckpts_full_llama2_composite_meta3_unlearn_bank_perclient_clients_client_2_client_2.ckpt__gsm8k.json,full_llama2_composite_meta3_unlearn_bank_perclient_clients_client_2_client_2,full,client,llama2_composite_meta3_unlearn_bank_perclient,llama2_composite_meta3_unlearn_bank_perclient,LLaMA 2,Unlearn,gsm8k,gsm8k,client_2,0.1281273692191054,{'gsm8k': 0.1281273692191054},{},"('client', 'full', 'llama2_composite_meta3_unlearn_bank_perclient', 'gsm8k', 'client_2')",gsm8k,,,0.1281273692191054,,,,,,,,
48,eval_result/accuracies_ckpts_full_llama2_composite_meta3_unlearn_bank_perclient_clients_client_3_client_3.ckpt.json,full_llama2_composite_meta3_unlearn_bank_perclient_clients_client_3_client_3,full,client,llama2_composite_meta3_unlearn_bank_perclient,llama2_composite_meta3_unlearn_bank_perclient,LLaMA 2,Unlearn,,,client_3,0.3842757441959835,"{'STEM': 0.3336646785950961, 'humanities': 0.3283740701381509, 'social sciences': 0.44166395840103995, 'other (business, health, misc.)': 0.4580505860579889}",{},"('client', 'full', 'llama2_composite_meta3_unlearn_bank_perclient', '', 'client_3')",mmlu,0.3336646785950961,,,0.3283740701381509,,,0.4580505860579889,,,,0.44166395840103995
49,eval_result/accuracies_ckpts_full_llama2_composite_meta3_unlearn_clients_client_1_client_1.ckpt.json,full_llama2_composite_meta3_unlearn_clients_client_1_client_1,full,client,llama2_composite_meta3_unlearn,llama2_composite_meta3_unlearn,LLaMA 2,Unlearn,,,client_1,0.3540806152969662,"{'STEM': 0.29390324718356525, 'humanities': 0.310308182784272, 'social sciences': 0.409164770880728, 'other (business, health, misc.)': 0.4213448488587292}",{},"('client', 'full', 'llama2_composite_meta3_unlearn', '', 'client_1')",mmlu,0.29390324718356525,,,0.310308182784272,,,0.4213448488587292,,,,0.409164770880728
50,eval_result/accuracies_ckpts_full_llama2_composite_meta3_unlearn_clients_client_1_client_1.ckpt__code.json,full_llama2_composite_meta3_unlearn_clients_client_1_client_1,full,client,llama2_composite_meta3_unlearn,llama2_composite_meta3_unlearn,LLaMA 2,Unlearn,code,code,client_1,0.4998458156352893,"{'python': 0.4991432178932179, 'javascript': 0.49992287521209317, 'java': 0.5002043925824073, 'ruby': 0.49890302764370337, 'php': 0.5000528336444648, 'go': 0.4999650129452103}",{},"('client', 'full', 'llama2_composite_meta3_unlearn', 'code', 'client_1')",code,,0.4999650129452103,,,0.5002043925824073,0.49992287521209317,,0.5000528336444648,0.4991432178932179,0.49890302764370337,
51,eval_result/accuracies_ckpts_full_llama2_composite_meta3_unlearn_clients_client_1_client_1.ckpt__gsm8k.json,full_llama2_composite_meta3_unlearn_clients_client_1_client_1,full,client,llama2_composite_meta3_unlearn,llama2_composite_meta3_unlearn,LLaMA 2,Unlearn,gsm8k,gsm8k,client_1,0.11902956785443518,{'gsm8k': 0.11902956785443518},{},"('client', 'full', 'llama2_composite_meta3_unlearn', 'gsm8k', 'client_1')",gsm8k,,,0.11902956785443518,,,,,,,,
52,eval_result/accuracies_ckpts_full_llama2_composite_meta3_unlearn_clients_client_2_client_2.ckpt.json,full_llama2_composite_meta3_unlearn_clients_client_2_client_2,full,client,llama2_composite_meta3_unlearn,llama2_composite_meta3_unlearn,LLaMA 2,Unlearn,,,client_2,0.34240136732659165,"{'STEM': 0.29191517561298874, 'humanities': 0.2969181721572795, 'social sciences': 0.3899902502437439, 'other (business, health, misc.)': 0.41024059222702036}",{},"('client', 'full', 'llama2_composite_meta3_unlearn', '', 'client_2')",mmlu,0.29191517561298874,,,0.2969181721572795,,,0.41024059222702036,,,,0.3899902502437439
53,eval_result/accuracies_ckpts_full_llama2_composite_meta3_unlearn_clients_client_2_client_2.ckpt__code.json,full_llama2_composite_meta3_unlearn_clients_client_2_client_2,full,client,llama2_composite_meta3_unlearn,llama2_composite_meta3_unlearn,LLaMA 2,Unlearn,code,code,client_2,0.49942802574381523,"{'python': 0.49765512265512263, 'javascript': 0.4985346290297702, 'java': 0.5002043925824073, 'ruby': 0.49978060552874065, 'php': 0.5001232785037512, 'go': 0.49968511650689246}",{},"('client', 'full', 'llama2_composite_meta3_unlearn', 'code', 'client_2')",code,,0.49968511650689246,,,0.5002043925824073,0.4985346290297702,,0.5001232785037512,0.49765512265512263,0.49978060552874065,
54,eval_result/accuracies_ckpts_full_llama2_composite_meta3_unlearn_clients_client_2_client_2.ckpt__gsm8k.json,full_llama2_composite_meta3_unlearn_clients_client_2_client_2,full,client,llama2_composite_meta3_unlearn,llama2_composite_meta3_unlearn,LLaMA 2,Unlearn,gsm8k,gsm8k,client_2,0.10765731614859743,{'gsm8k': 0.10765731614859743},{},"('client', 'full', 'llama2_composite_meta3_unlearn', 'gsm8k', 'client_2')",gsm8k,,,0.10765731614859743,,,,,,,,
55,eval_result/accuracies_ckpts_full_llama2_composite_meta3_unlearn_clients_client_3_client_3.ckpt.json,full_llama2_composite_meta3_unlearn_clients_client_3_client_3,full,client,llama2_composite_meta3_unlearn,llama2_composite_meta3_unlearn,LLaMA 2,Unlearn,,,client_3,0.38883349950149554,"{'STEM': 0.32803180914512925, 'humanities': 0.34495217853347504, 'social sciences': 0.45466363340916477, 'other (business, health, misc.)': 0.44663787785317705}",{},"('client', 'full', 'llama2_composite_meta3_unlearn', '', 'client_3')",mmlu,0.32803180914512925,,,0.34495217853347504,,,0.44663787785317705,,,,0.45466363340916477
56,eval_result/accuracies_ckpts_full_llama2_composite_meta3_unlearn_clients_client_3_client_3.ckpt__code.json,full_llama2_composite_meta3_unlearn_clients_client_3_client_3,full,client,llama2_composite_meta3_unlearn,llama2_composite_meta3_unlearn,LLaMA 2,Unlearn,code,code,client_3,0.5000049736891842,"{'python': 0.49972943722943725, 'javascript': 0.5000771247879068, 'java': 0.5003530417332491, 'ruby': 0.5002193944712593, 'php': 0.5001937233630376, 'go': 0.49933524595899514}",{},"('client', 'full', 'llama2_composite_meta3_unlearn', 'code', 'client_3')",code,,0.49933524595899514,,,0.5003530417332491,0.5000771247879068,,0.5001937233630376,0.49972943722943725,0.5002193944712593,
57,eval_result/accuracies_ckpts_full_llama2_composite_meta3_unlearn_clients_client_3_client_3.ckpt__gsm8k.json,full_llama2_composite_meta3_unlearn_clients_client_3_client_3,full,client,llama2_composite_meta3_unlearn,llama2_composite_meta3_unlearn,LLaMA 2,Unlearn,gsm8k,gsm8k,client_3,0.08794541319181198,{'gsm8k': 0.08794541319181198},{},"('client', 'full', 'llama2_composite_meta3_unlearn', 'gsm8k', 'client_3')",gsm8k,,,0.08794541319181198,,,,,,,,
58,eval_result/accuracies_ckpts_full_llama2_composite_meta3_unlearn_loo_clients_client_1_client_1.ckpt.json,full_llama2_composite_meta3_unlearn_loo_clients_client_1_client_1,full,client,llama2_composite_meta3_unlearn_loo,llama2_composite_meta3_unlearn_loo,LLaMA 2,Unlearn (LOO),,,client_1,0.3483834211650762,"{'STEM': 0.28926441351888665, 'humanities': 0.30456960680127526, 'social sciences': 0.4007149821254469, 'other (business, health, misc.)': 0.4173349784083899}",{},"('client', 'full', 'llama2_composite_meta3_unlearn_loo', '', 'client_1')",mmlu,0.28926441351888665,,,0.30456960680127526,,,0.4173349784083899,,,,0.4007149821254469
59,eval_result/accuracies_ckpts_full_llama2_composite_meta3_unlearn_loo_clients_client_1_client_1.ckpt__code.json,full_llama2_composite_meta3_unlearn_loo_clients_client_1_client_1,full,client,llama2_composite_meta3_unlearn_loo,llama2_composite_meta3_unlearn_loo,LLaMA 2,Unlearn (LOO),code,code,client_1,0.49777676093465567,"{'python': 0.49242424242424243, 'javascript': 0.4983803794539565, 'java': 0.4995354714036196, 'ruby': 0.4980254497586661, 'php': 0.4991722729033849, 'go': 0.49968511650689246}",{},"('client', 'full', 'llama2_composite_meta3_unlearn_loo', 'code', 'client_1')",code,,0.49968511650689246,,,0.4995354714036196,0.4983803794539565,,0.4991722729033849,0.49242424242424243,0.4980254497586661,
60,eval_result/accuracies_ckpts_full_llama2_composite_meta3_unlearn_loo_clients_client_1_client_1.ckpt__gsm8k.json,full_llama2_composite_meta3_unlearn_loo_clients_client_1_client_1,full,client,llama2_composite_meta3_unlearn_loo,llama2_composite_meta3_unlearn_loo,LLaMA 2,Unlearn (LOO),gsm8k,gsm8k,client_1,0.09401061410159212,{'gsm8k': 0.09401061410159212},{},"('client', 'full', 'llama2_composite_meta3_unlearn_loo', 'gsm8k', 'client_1')",gsm8k,,,0.09401061410159212,,,,,,,,
61,eval_result/accuracies_ckpts_full_llama2_composite_meta3_unlearn_loo_clients_client_2_client_2.ckpt.json,full_llama2_composite_meta3_unlearn_loo_clients_client_2_client_2,full,client,llama2_composite_meta3_unlearn_loo,llama2_composite_meta3_unlearn_loo,LLaMA 2,Unlearn (LOO),,,client_2,0.3280871670702179,"{'STEM': 0.26673293571901924, 'humanities': 0.29521785334750267, 'social sciences': 0.36984075398115046, 'other (business, health, misc.)': 0.3932757557063541}",{},"('client', 'full', 'llama2_composite_meta3_unlearn_loo', '', 'client_2')",mmlu,0.26673293571901924,,,0.29521785334750267,,,0.3932757557063541,,,,0.36984075398115046
62,eval_result/accuracies_ckpts_full_llama2_composite_meta3_unlearn_loo_clients_client_2_client_2.ckpt__code.json,full_llama2_composite_meta3_unlearn_loo_clients_client_2_client_2,full,client,llama2_composite_meta3_unlearn_loo,llama2_composite_meta3_unlearn_loo,LLaMA 2,Unlearn (LOO),code,code,client_2,0.4989704463388674,"{'python': 0.49612193362193363, 'javascript': 0.4991516273330248, 'java': 0.5000185811438552, 'ruby': 0.5002193944712593, 'php': 0.4996301644887464, 'go': 0.49982506472605137}",{},"('client', 'full', 'llama2_composite_meta3_unlearn_loo', 'code', 'client_2')",code,,0.49982506472605137,,,0.5000185811438552,0.4991516273330248,,0.4996301644887464,0.49612193362193363,0.5002193944712593,
63,eval_result/accuracies_ckpts_full_llama2_composite_meta3_unlearn_loo_clients_client_2_client_2.ckpt__gsm8k.json,full_llama2_composite_meta3_unlearn_loo_clients_client_2_client_2,full,client,llama2_composite_meta3_unlearn_loo,llama2_composite_meta3_unlearn_loo,LLaMA 2,Unlearn (LOO),gsm8k,gsm8k,client_2,0.08946171341925702,{'gsm8k': 0.08946171341925702},{},"('client', 'full', 'llama2_composite_meta3_unlearn_loo', 'gsm8k', 'client_2')",gsm8k,,,0.08946171341925702,,,,,,,,
64,eval_result/accuracies_ckpts_full_llama2_composite_meta3_unlearn_loo_clients_client_3_client_3.ckpt.json,full_llama2_composite_meta3_unlearn_loo_clients_client_3_client_3,full,client,llama2_composite_meta3_unlearn_loo,llama2_composite_meta3_unlearn_loo,LLaMA 2,Unlearn (LOO),,,client_3,0.3740207947585814,"{'STEM': 0.30682571239231277, 'humanities': 0.3324123273113709, 'social sciences': 0.43126421839454016, 'other (business, health, misc.)': 0.44262800740283775}",{},"('client', 'full', 'llama2_composite_meta3_unlearn_loo', '', 'client_3')",mmlu,0.30682571239231277,,,0.3324123273113709,,,0.44262800740283775,,,,0.43126421839454016
65,eval_result/accuracies_ckpts_full_llama2_composite_meta3_unlearn_loo_clients_client_3_client_3.ckpt__code.json,full_llama2_composite_meta3_unlearn_loo_clients_client_3_client_3,full,client,llama2_composite_meta3_unlearn_loo,llama2_composite_meta3_unlearn_loo,LLaMA 2,Unlearn (LOO),code,code,client_3,0.4988112882849725,"{'python': 0.4954906204906205, 'javascript': 0.49899737775721115, 'java': 0.5001672302946969, 'ruby': 0.49758666081614744, 'php': 0.4997710542073192, 'go': 0.499615142397313}",{},"('client', 'full', 'llama2_composite_meta3_unlearn_loo', 'code', 'client_3')",code,,0.499615142397313,,,0.5001672302946969,0.49899737775721115,,0.4997710542073192,0.4954906204906205,0.49758666081614744,
66,eval_result/accuracies_ckpts_full_llama2_composite_meta3_unlearn_loo_clients_client_3_client_3.ckpt__gsm8k.json,full_llama2_composite_meta3_unlearn_loo_clients_client_3_client_3,full,client,llama2_composite_meta3_unlearn_loo,llama2_composite_meta3_unlearn_loo,LLaMA 2,Unlearn (LOO),gsm8k,gsm8k,client_3,0.09552691432903715,{'gsm8k': 0.09552691432903715},{},"('client', 'full', 'llama2_composite_meta3_unlearn_loo', 'gsm8k', 'client_3')",gsm8k,,,0.09552691432903715,,,,,,,,
67,eval_result/accuracies_ckpts_full_llama2_composite_meta3_unlearn_loo_shrink05_clients_client_1_client_1.ckpt.json,full_llama2_composite_meta3_unlearn_loo_shrink05_clients_client_1_client_1,full,client,llama2_composite_meta3_unlearn_loo_shrink05,llama2_composite_meta3_unlearn_loo_shrink05,LLaMA 2,"Unlearn (LOO, shrink=0.5)",,,client_1,0.3646204244409628,"{'STEM': 0.3035122597746852, 'humanities': 0.3141339001062699, 'social sciences': 0.43126421839454016, 'other (business, health, misc.)': 0.4315237507711289}",{},"('client', 'full', 'llama2_composite_meta3_unlearn_loo_shrink05', '', 'client_1')",mmlu,0.3035122597746852,,,0.3141339001062699,,,0.4315237507711289,,,,0.43126421839454016
68,eval_result/accuracies_ckpts_full_llama2_composite_meta3_unlearn_loo_shrink05_clients_client_1_client_1.ckpt__code.json,full_llama2_composite_meta3_unlearn_loo_shrink05_clients_client_1_client_1,full,client,llama2_composite_meta3_unlearn_loo_shrink05,llama2_composite_meta3_unlearn_loo_shrink05,LLaMA 2,"Unlearn (LOO, shrink=0.5)",code,code,client_1,0.4989406042037621,"{'python': 0.4960768398268398, 'javascript': 0.5003856239395341, 'java': 0.5001300680069866, 'ruby': 0.49670908293111016, 'php': 0.49948927477017363, 'go': 0.4997550906164719}",{},"('client', 'full', 'llama2_composite_meta3_unlearn_loo_shrink05', 'code', 'client_1')",code,,0.4997550906164719,,,0.5001300680069866,0.5003856239395341,,0.49948927477017363,0.4960768398268398,0.49670908293111016,
69,eval_result/accuracies_ckpts_full_llama2_composite_meta3_unlearn_loo_shrink05_clients_client_1_client_1.ckpt__gsm8k.json,full_llama2_composite_meta3_unlearn_loo_shrink05_clients_client_1_client_1,full,client,llama2_composite_meta3_unlearn_loo_shrink05,llama2_composite_meta3_unlearn_loo_shrink05,LLaMA 2,"Unlearn (LOO, shrink=0.5)",gsm8k,gsm8k,client_1,0.11296436694465505,{'gsm8k': 0.11296436694465505},{},"('client', 'full', 'llama2_composite_meta3_unlearn_loo_shrink05', 'gsm8k', 'client_1')",gsm8k,,,0.11296436694465505,,,,,,,,
70,eval_result/accuracies_ckpts_full_llama2_composite_meta3_unlearn_loo_shrink05_clients_client_2_client_2.ckpt.json,full_llama2_composite_meta3_unlearn_loo_shrink05_clients_client_2_client_2,full,client,llama2_composite_meta3_unlearn_loo_shrink05,llama2_composite_meta3_unlearn_loo_shrink05,LLaMA 2,"Unlearn (LOO, shrink=0.5)",,,client_2,0.3481697763851303,"{'STEM': 0.292909211398277, 'humanities': 0.30478214665249737, 'social sciences': 0.3964900877478063, 'other (business, health, misc.)': 0.41671807526218385}",{},"('client', 'full', 'llama2_composite_meta3_unlearn_loo_shrink05', '', 'client_2')",mmlu,0.292909211398277,,,0.30478214665249737,,,0.41671807526218385,,,,0.3964900877478063
71,eval_result/accuracies_ckpts_full_llama2_composite_meta3_unlearn_loo_shrink05_clients_client_2_client_2.ckpt__code.json,full_llama2_composite_meta3_unlearn_loo_shrink05_clients_client_2_client_2,full,client,llama2_composite_meta3_unlearn_loo_shrink05,llama2_composite_meta3_unlearn_loo_shrink05,LLaMA 2,"Unlearn (LOO, shrink=0.5)",code,code,client_2,0.49712023396233923,"{'python': 0.4898088023088023, 'javascript': 0.4976091315748882, 'java': 0.49957263369133004, 'ruby': 0.49627029398859146, 'php': 0.49941882991088726, 'go': 0.4991952977398363}",{},"('client', 'full', 'llama2_composite_meta3_unlearn_loo_shrink05', 'code', 'client_2')",code,,0.4991952977398363,,,0.49957263369133004,0.4976091315748882,,0.49941882991088726,0.4898088023088023,0.49627029398859146,
72,eval_result/accuracies_ckpts_full_llama2_composite_meta3_unlearn_loo_shrink05_clients_client_2_client_2.ckpt__gsm8k.json,full_llama2_composite_meta3_unlearn_loo_shrink05_clients_client_2_client_2,full,client,llama2_composite_meta3_unlearn_loo_shrink05,llama2_composite_meta3_unlearn_loo_shrink05,LLaMA 2,"Unlearn (LOO, shrink=0.5)",gsm8k,gsm8k,client_2,0.16224412433661864,{'gsm8k': 0.16224412433661864},{},"('client', 'full', 'llama2_composite_meta3_unlearn_loo_shrink05', 'gsm8k', 'client_2')",gsm8k,,,0.16224412433661864,,,,,,,,
73,eval_result/accuracies_ckpts_full_llama2_composite_meta3_unlearn_loo_shrink05_clients_client_3_client_3.ckpt.json,full_llama2_composite_meta3_unlearn_loo_shrink05_clients_client_3_client_3,full,client,llama2_composite_meta3_unlearn_loo_shrink05,llama2_composite_meta3_unlearn_loo_shrink05,LLaMA 2,"Unlearn (LOO, shrink=0.5)",,,client_3,0.3809998575701467,"{'STEM': 0.32471835652750164, 'humanities': 0.33198724760892667, 'social sciences': 0.4361390965225869, 'other (business, health, misc.)': 0.4521900061690315}",{},"('client', 'full', 'llama2_composite_meta3_unlearn_loo_shrink05', '', 'client_3')",mmlu,0.32471835652750164,,,0.33198724760892667,,,0.4521900061690315,,,,0.4361390965225869
74,eval_result/accuracies_ckpts_full_llama2_composite_meta3_unlearn_loo_shrink05_clients_client_3_client_3.ckpt__code.json,full_llama2_composite_meta3_unlearn_loo_shrink05_clients_client_3_client_3,full,client,llama2_composite_meta3_unlearn_loo_shrink05,llama2_composite_meta3_unlearn_loo_shrink05,LLaMA 2,"Unlearn (LOO, shrink=0.5)",code,code,client_3,0.49952749952749953,"{'python': 0.4979707792207792, 'javascript': 0.5014653709702298, 'java': 0.5003902040209596, 'ruby': 0.4980254497586661, 'php': 0.49966538691838963, 'go': 0.49940522006857463}",{},"('client', 'full', 'llama2_composite_meta3_unlearn_loo_shrink05', 'code', 'client_3')",code,,0.49940522006857463,,,0.5003902040209596,0.5014653709702298,,0.49966538691838963,0.4979707792207792,0.4980254497586661,
75,eval_result/accuracies_ckpts_full_llama2_composite_meta3_unlearn_loo_shrink05_clients_client_3_client_3.ckpt__gsm8k.json,full_llama2_composite_meta3_unlearn_loo_shrink05_clients_client_3_client_3,full,client,llama2_composite_meta3_unlearn_loo_shrink05,llama2_composite_meta3_unlearn_loo_shrink05,LLaMA 2,"Unlearn (LOO, shrink=0.5)",gsm8k,gsm8k,client_3,0.1243366186504928,{'gsm8k': 0.1243366186504928},{},"('client', 'full', 'llama2_composite_meta3_unlearn_loo_shrink05', 'gsm8k', 'client_3')",gsm8k,,,0.1243366186504928,,,,,,,,
76,eval_result/accuracies_ckpts_full_llama2_composite_meta3_unlearn_shrink05_clients_client_1_client_1.ckpt.json,full_llama2_composite_meta3_unlearn_shrink05_clients_client_1_client_1,full,client,llama2_composite_meta3_unlearn_shrink05,llama2_composite_meta3_unlearn_shrink05,LLaMA 2,Unlearn (shrink=0.5),,,client_1,0.36077481840193704,"{'STEM': 0.2912524850894632, 'humanities': 0.3145589798087141, 'social sciences': 0.4195645108872278, 'other (business, health, misc.)': 0.4367674275138803}",{},"('client', 'full', 'llama2_composite_meta3_unlearn_shrink05', '', 'client_1')",mmlu,0.2912524850894632,,,0.3145589798087141,,,0.4367674275138803,,,,0.4195645108872278
77,eval_result/accuracies_ckpts_full_llama2_composite_meta3_unlearn_shrink05_clients_client_1_client_1.ckpt__code.json,full_llama2_composite_meta3_unlearn_shrink05_clients_client_1_client_1,full,client,llama2_composite_meta3_unlearn_shrink05,llama2_composite_meta3_unlearn_shrink05,LLaMA 2,Unlearn (shrink=0.5),code,code,client_1,0.49971649971649973,"{'python': 0.49882756132756134, 'javascript': 0.5000771247879068, 'java': 0.5001300680069866, 'ruby': 0.49890302764370337, 'php': 0.4999471663555352, 'go': 0.49982506472605137}",{},"('client', 'full', 'llama2_composite_meta3_unlearn_shrink05', 'code', 'client_1')",code,,0.49982506472605137,,,0.5001300680069866,0.5000771247879068,,0.4999471663555352,0.49882756132756134,0.49890302764370337,
78,eval_result/accuracies_ckpts_full_llama2_composite_meta3_unlearn_shrink05_clients_client_1_client_1.ckpt__gsm8k.json,full_llama2_composite_meta3_unlearn_shrink05_clients_client_1_client_1,full,client,llama2_composite_meta3_unlearn_shrink05,llama2_composite_meta3_unlearn_shrink05,LLaMA 2,Unlearn (shrink=0.5),gsm8k,gsm8k,client_1,0.09704321455648218,{'gsm8k': 0.09704321455648218},{},"('client', 'full', 'llama2_composite_meta3_unlearn_shrink05', 'gsm8k', 'client_1')",gsm8k,,,0.09704321455648218,,,,,,,,
79,eval_result/accuracies_ckpts_full_llama2_composite_meta3_unlearn_shrink05_clients_client_2_client_2.ckpt.json,full_llama2_composite_meta3_unlearn_shrink05_clients_client_2_client_2,full,client,llama2_composite_meta3_unlearn_shrink05,llama2_composite_meta3_unlearn_shrink05,LLaMA 2,Unlearn (shrink=0.5),,,client_2,0.3478137017518872,"{'STEM': 0.279324055666004, 'humanities': 0.3071200850159405, 'social sciences': 0.40103997400065, 'other (business, health, misc.)': 0.4201110425663171}",{},"('client', 'full', 'llama2_composite_meta3_unlearn_shrink05', '', 'client_2')",mmlu,0.279324055666004,,,0.3071200850159405,,,0.4201110425663171,,,,0.40103997400065
80,eval_result/accuracies_ckpts_full_llama2_composite_meta3_unlearn_shrink05_clients_client_2_client_2.ckpt__code.json,full_llama2_composite_meta3_unlearn_shrink05_clients_client_2_client_2,full,client,llama2_composite_meta3_unlearn_shrink05,llama2_composite_meta3_unlearn_shrink05,LLaMA 2,Unlearn (shrink=0.5),code,code,client_2,0.4996468680679207,"{'python': 0.4987824675324675, 'javascript': 0.4991516273330248, 'java': 0.5001300680069866, 'ruby': 0.49890302764370337, 'php': 0.4998767214962488, 'go': 0.4999650129452103}",{},"('client', 'full', 'llama2_composite_meta3_unlearn_shrink05', 'code', 'client_2')",code,,0.4999650129452103,,,0.5001300680069866,0.4991516273330248,,0.4998767214962488,0.4987824675324675,0.49890302764370337,
81,eval_result/accuracies_ckpts_full_llama2_composite_meta3_unlearn_shrink05_clients_client_2_client_2.ckpt__gsm8k.json,full_llama2_composite_meta3_unlearn_shrink05_clients_client_2_client_2,full,client,llama2_composite_meta3_unlearn_shrink05,llama2_composite_meta3_unlearn_shrink05,LLaMA 2,Unlearn (shrink=0.5),gsm8k,gsm8k,client_2,0.1417740712661107,{'gsm8k': 0.1417740712661107},{},"('client', 'full', 'llama2_composite_meta3_unlearn_shrink05', 'gsm8k', 'client_2')",gsm8k,,,0.1417740712661107,,,,,,,,
82,eval_result/accuracies_ckpts_full_llama2_composite_meta3_unlearn_shrink05_clients_client_3_client_3.ckpt.json,full_llama2_composite_meta3_unlearn_shrink05_clients_client_3_client_3,full,client,llama2_composite_meta3_unlearn_shrink05,llama2_composite_meta3_unlearn_shrink05,LLaMA 2,Unlearn (shrink=0.5),,,client_3,0.3837060247827945,"{'STEM': 0.3127899271040424, 'humanities': 0.33666312433581297, 'social sciences': 0.44621384465388364, 'other (business, health, misc.)': 0.4586674892041949}",{},"('client', 'full', 'llama2_composite_meta3_unlearn_shrink05', '', 'client_3')",mmlu,0.3127899271040424,,,0.33666312433581297,,,0.4586674892041949,,,,0.44621384465388364
83,eval_result/accuracies_ckpts_full_llama2_composite_meta3_unlearn_shrink05_clients_client_3_client_3.ckpt__code.json,full_llama2_composite_meta3_unlearn_shrink05_clients_client_3_client_3,full,client,llama2_composite_meta3_unlearn_shrink05,llama2_composite_meta3_unlearn_shrink05,LLaMA 2,Unlearn (shrink=0.5),code,code,client_3,0.4998458156352893,"{'python': 0.4990530303030303, 'javascript': 0.5000771247879068, 'java': 0.5002787171578282, 'ruby': 0.499341816586222, 'php': 0.5000528336444648, 'go': 0.49982506472605137}",{},"('client', 'full', 'llama2_composite_meta3_unlearn_shrink05', 'code', 'client_3')",code,,0.49982506472605137,,,0.5002787171578282,0.5000771247879068,,0.5000528336444648,0.4990530303030303,0.499341816586222,
84,eval_result/accuracies_ckpts_full_llama2_composite_meta3_unlearn_shrink05_clients_client_3_client_3.ckpt__gsm8k.json,full_llama2_composite_meta3_unlearn_shrink05_clients_client_3_client_3,full,client,llama2_composite_meta3_unlearn_shrink05,llama2_composite_meta3_unlearn_shrink05,LLaMA 2,Unlearn (shrink=0.5),gsm8k,gsm8k,client_3,0.10159211523881728,{'gsm8k': 0.10159211523881728},{},"('client', 'full', 'llama2_composite_meta3_unlearn_shrink05', 'gsm8k', 'client_3')",gsm8k,,,0.10159211523881728,,,,,,,,
85,eval_result/accuracies_ckpts_full_qwen15moe_composite_meta3_clients_client_1_client_1.ckpt.json,full_qwen15moe_composite_meta3_clients_client_1_client_1,full,client,qwen15moe_composite_meta3,qwen15moe_composite_meta3,Qwen 1.5 MoE,Standard,,,client_1,0.52072354365475,"{'STEM': 0.4900596421471173, 'humanities': 0.3944739638682253, 'social sciences': 0.6366590835229119, 'other (business, health, misc.)': 0.6224552745219001}",{},"('client', 'full', 'qwen15moe_composite_meta3', '', 'client_1')",mmlu,0.4900596421471173,,,0.3944739638682253,,,0.6224552745219001,,,,0.6366590835229119
86,eval_result/accuracies_ckpts_full_qwen15moe_composite_meta3_clients_client_1_client_1.ckpt__gsm8k.json,full_qwen15moe_composite_meta3_clients_client_1_client_1,full,client,qwen15moe_composite_meta3,qwen15moe_composite_meta3,Qwen 1.5 MoE,Standard,gsm8k,gsm8k,client_1,0.5041698256254739,{'gsm8k': 0.5041698256254739},{},"('client', 'full', 'qwen15moe_composite_meta3', 'gsm8k', 'client_1')",gsm8k,,,0.5041698256254739,,,,,,,,
87,eval_result/accuracies_ckpts_full_qwen15moe_composite_meta3_clients_client_2_client_2.ckpt.json,full_qwen15moe_composite_meta3_clients_client_2_client_2,full,client,qwen15moe_composite_meta3,qwen15moe_composite_meta3,Qwen 1.5 MoE,Standard,,,client_2,0.5169491525423728,"{'STEM': 0.4860834990059642, 'humanities': 0.39256110520722637, 'social sciences': 0.6324341891452714, 'other (business, health, misc.)': 0.6165946946329426}",{},"('client', 'full', 'qwen15moe_composite_meta3', '', 'client_2')",mmlu,0.4860834990059642,,,0.39256110520722637,,,0.6165946946329426,,,,0.6324341891452714
88,eval_result/accuracies_ckpts_full_qwen15moe_composite_meta3_clients_client_2_client_2.ckpt__gsm8k.json,full_qwen15moe_composite_meta3_clients_client_2_client_2,full,client,qwen15moe_composite_meta3,qwen15moe_composite_meta3,Qwen 1.5 MoE,Standard,gsm8k,gsm8k,client_2,0.49052312357846856,{'gsm8k': 0.49052312357846856},{},"('client', 'full', 'qwen15moe_composite_meta3', 'gsm8k', 'client_2')",gsm8k,,,0.49052312357846856,,,,,,,,
89,eval_result/accuracies_ckpts_full_qwen15moe_composite_meta3_clients_client_3_client_3.ckpt.json,full_qwen15moe_composite_meta3_clients_client_3_client_3,full,client,qwen15moe_composite_meta3,qwen15moe_composite_meta3,Qwen 1.5 MoE,Standard,,,client_3,0.5206523287281014,"{'STEM': 0.49403578528827036, 'humanities': 0.39128586609989374, 'social sciences': 0.6444588885277868, 'other (business, health, misc.)': 0.6156693399136336}",{},"('client', 'full', 'qwen15moe_composite_meta3', '', 'client_3')",mmlu,0.49403578528827036,,,0.39128586609989374,,,0.6156693399136336,,,,0.6444588885277868
90,eval_result/accuracies_ckpts_full_qwen15moe_composite_meta3_clients_client_3_client_3.ckpt__gsm8k.json,full_qwen15moe_composite_meta3_clients_client_3_client_3,full,client,qwen15moe_composite_meta3,qwen15moe_composite_meta3,Qwen 1.5 MoE,Standard,gsm8k,gsm8k,client_3,0.47308567096285065,{'gsm8k': 0.47308567096285065},{},"('client', 'full', 'qwen15moe_composite_meta3', 'gsm8k', 'client_3')",gsm8k,,,0.47308567096285065,,,,,,,,
91,eval_result/accuracies_ckpts_qwen15moe_composite_meta3_clients_client_1_client_1.ckpt.json,qwen15moe_composite_meta3_clients_client_1_client_1,default,client,qwen15moe_composite_meta3,qwen15moe_composite_meta3,Qwen 1.5 MoE,Standard,,,client_1,0.5343968095712861,"{'STEM': 0.5069582504970179, 'humanities': 0.3987247608926674, 'social sciences': 0.6587585310367241, 'other (business, health, misc.)': 0.6388032078963602}",{},"('client', 'default', 'qwen15moe_composite_meta3', '', 'client_1')",mmlu,0.5069582504970179,,,0.3987247608926674,,,0.6388032078963602,,,,0.6587585310367241
92,eval_result/accuracies_ckpts_qwen15moe_composite_meta3_clients_client_2_client_2.ckpt.json,qwen15moe_composite_meta3_clients_client_2_client_2,default,client,qwen15moe_composite_meta3,qwen15moe_composite_meta3,Qwen 1.5 MoE,Standard,,,client_2,0.4975786924939467,"{'STEM': 0.42511597084161695, 'humanities': 0.39086078639744953, 'social sciences': 0.6067598310042249, 'other (business, health, misc.)': 0.6162862430598396}",{},"('client', 'default', 'qwen15moe_composite_meta3', '', 'client_2')",mmlu,0.42511597084161695,,,0.39086078639744953,,,0.6162862430598396,,,,0.6067598310042249
93,eval_result/accuracies_ckpts_qwen15moe_composite_meta3_clients_client_3_client_3.ckpt.json,qwen15moe_composite_meta3_clients_client_3_client_3,default,client,qwen15moe_composite_meta3,qwen15moe_composite_meta3,Qwen 1.5 MoE,Standard,,,client_3,0.5436547500356075,"{'STEM': 0.5049701789264414, 'humanities': 0.4074388947927736, 'social sciences': 0.6733831654208645, 'other (business, health, misc.)': 0.6542257865515114}",{},"('client', 'default', 'qwen15moe_composite_meta3', '', 'client_3')",mmlu,0.5049701789264414,,,0.4074388947927736,,,0.6542257865515114,,,,0.6733831654208645
94,eval_result/accuracies_ckpts_full_qwen15moe_composite_meta3_unlearn_clients_client_1_client_1.ckpt__gsm8k.json,full_qwen15moe_composite_meta3_unlearn_clients_client_1_client_1,full,client,qwen15moe_composite_meta3_unlearn,qwen15moe_composite_meta3_unlearn,Qwen 1.5 MoE,Unlearn,gsm8k,gsm8k,client_1,0.6345716451857468,{'gsm8k': 0.6345716451857468},{},"('client', 'full', 'qwen15moe_composite_meta3_unlearn', 'gsm8k', 'client_1')",gsm8k,,,0.6345716451857468,,,,,,,,
95,eval_result/accuracies_ckpts_full_qwen15moe_composite_meta3_unlearn_clients_client_2_client_2.ckpt__gsm8k.json,full_qwen15moe_composite_meta3_unlearn_clients_client_2_client_2,full,client,qwen15moe_composite_meta3_unlearn,qwen15moe_composite_meta3_unlearn,Qwen 1.5 MoE,Unlearn,gsm8k,gsm8k,client_2,0.6345716451857468,{'gsm8k': 0.6345716451857468},{},"('client', 'full', 'qwen15moe_composite_meta3_unlearn', 'gsm8k', 'client_2')",gsm8k,,,0.6345716451857468,,,,,,,,
96,eval_result/accuracies_ckpts_full_qwen15moe_composite_meta3_unlearn_clients_client_3_client_3.ckpt__gsm8k.json,full_qwen15moe_composite_meta3_unlearn_clients_client_3_client_3,full,client,qwen15moe_composite_meta3_unlearn,qwen15moe_composite_meta3_unlearn,Qwen 1.5 MoE,Unlearn,gsm8k,gsm8k,client_3,0.6345716451857468,{'gsm8k': 0.6345716451857468},{},"('client', 'full', 'qwen15moe_composite_meta3_unlearn', 'gsm8k', 'client_3')",gsm8k,,,0.6345716451857468,,,,,,,,
97,eval_result/accuracies_ckpts_full_qwen15moe_composite_meta3_unlearn_shrink05_clients_client_1_client_1.ckpt__gsm8k.json,full_qwen15moe_composite_meta3_unlearn_shrink05_clients_client_1_client_1,full,client,qwen15moe_composite_meta3_unlearn_shrink05,qwen15moe_composite_meta3_unlearn_shrink05,Qwen 1.5 MoE,Unlearn (shrink=0.5),gsm8k,gsm8k,client_1,0.6345716451857468,{'gsm8k': 0.6345716451857468},{},"('client', 'full', 'qwen15moe_composite_meta3_unlearn_shrink05', 'gsm8k', 'client_1')",gsm8k,,,0.6345716451857468,,,,,,,,
98,eval_result/accuracies_ckpts_full_qwen15moe_composite_meta3_unlearn_shrink05_clients_client_2_client_2.ckpt__gsm8k.json,full_qwen15moe_composite_meta3_unlearn_shrink05_clients_client_2_client_2,full,client,qwen15moe_composite_meta3_unlearn_shrink05,qwen15moe_composite_meta3_unlearn_shrink05,Qwen 1.5 MoE,Unlearn (shrink=0.5),gsm8k,gsm8k,client_2,0.6345716451857468,{'gsm8k': 0.6345716451857468},{},"('client', 'full', 'qwen15moe_composite_meta3_unlearn_shrink05', 'gsm8k', 'client_2')",gsm8k,,,0.6345716451857468,,,,,,,,
99,eval_result/accuracies_ckpts_full_qwen15moe_composite_meta3_unlearn_shrink05_clients_client_3_client_3.ckpt__gsm8k.json,full_qwen15moe_composite_meta3_unlearn_shrink05_clients_client_3_client_3,full,client,qwen15moe_composite_meta3_unlearn_shrink05,qwen15moe_composite_meta3_unlearn_shrink05,Qwen 1.5 MoE,Unlearn (shrink=0.5),gsm8k,gsm8k,client_3,0.6345716451857468,{'gsm8k': 0.6345716451857468},{},"('client', 'full', 'qwen15moe_composite_meta3_unlearn_shrink05', 'gsm8k', 'client_3')",gsm8k,,,0.6345716451857468,,,,,,,,
100,eval_result/accuracies_ckpts_full_llama2_composite_meta3.ckpt.json,full_llama2_composite_meta3,full,global,llama2_composite_meta3,llama2_composite_meta3,LLaMA 2,Standard,,,,0.2751032616436405,"{'STEM': 0.2644135188866799, 'humanities': 0.2605738575982997, 'social sciences': 0.2807929801754956, 'other (business, health, misc.)': 0.30074028377544726}",{},"('global', 'full', 'llama2_composite_meta3', '', '')",mmlu,0.2644135188866799,,,0.2605738575982997,,,0.30074028377544726,,,,0.2807929801754956
101,eval_result/accuracies_ckpts_full_llama2_composite_meta3.ckpt__code.json,full_llama2_composite_meta3,full,global,llama2_composite_meta3,llama2_composite_meta3,LLaMA 2,Standard,code,code,,0.48888380467327835,"{'python': 0.48953823953823955, 'javascript': 0.4854234150856085, 'java': 0.48270095507079414, 'ruby': 0.48793330408073715, 'php': 0.49075411221866083, 'go': 0.4975159191099293}",{},"('global', 'full', 'llama2_composite_meta3', 'code', '')",code,,0.4975159191099293,,,0.48270095507079414,0.4854234150856085,,0.49075411221866083,0.48953823953823955,0.48793330408073715,
102,eval_result/accuracies_ckpts_full_llama2_composite_meta3.ckpt__gsm8k.json,full_llama2_composite_meta3,full,global,llama2_composite_meta3,llama2_composite_meta3,LLaMA 2,Standard,gsm8k,gsm8k,,0.027293404094010616,{'gsm8k': 0.027293404094010616},{},"('global', 'full', 'llama2_composite_meta3', 'gsm8k', '')",gsm8k,,,0.027293404094010616,,,,,,,,
103,eval_result/accuracies_ckpts_llama2_composite_meta3.ckpt.json,llama2_composite_meta3,default,global,llama2_composite_meta3,llama2_composite_meta3,LLaMA 2,Standard,,,,0.25452214784218774,"{'STEM': 0.2253147779986746, 'humanities': 0.2605738575982997, 'social sciences': 0.25024374390640236, 'other (business, health, misc.)': 0.2769895126465145}",{},"('global', 'default', 'llama2_composite_meta3', '', '')",mmlu,0.2253147779986746,,,0.2605738575982997,,,0.2769895126465145,,,,0.25024374390640236
104,eval_result/accuracies_ckpts_full_llama2_composite_meta3_unlearn.ckpt.json,full_llama2_composite_meta3_unlearn,full,global,llama2_composite_meta3_unlearn,llama2_composite_meta3_unlearn,LLaMA 2,Unlearn,,,,0.41739068508759436,"{'STEM': 0.3734261100066269, 'humanities': 0.3562167906482466, 'social sciences': 0.4865128371790705, 'other (business, health, misc.)': 0.48149290561381863}",{},"('global', 'full', 'llama2_composite_meta3_unlearn', '', '')",mmlu,0.3734261100066269,,,0.3562167906482466,,,0.48149290561381863,,,,0.4865128371790705
105,eval_result/accuracies_ckpts_full_llama2_composite_meta3_unlearn.ckpt__code.json,full_llama2_composite_meta3_unlearn,full,global,llama2_composite_meta3_unlearn,llama2_composite_meta3_unlearn,LLaMA 2,Unlearn,code,code,,0.5122303017039859,"{'python': 0.5172709235209235, 'javascript': 0.5010026222427888, 'java': 0.5025084544204541, 'ruby': 0.5186485300570426, 'php': 0.5212919587193124, 'go': 0.5087817507522217}",{},"('global', 'full', 'llama2_composite_meta3_unlearn', 'code', '')",code,,0.5087817507522217,,,0.5025084544204541,0.5010026222427888,,0.5212919587193124,0.5172709235209235,0.5186485300570426,
106,eval_result/accuracies_ckpts_full_llama2_composite_meta3_unlearn.ckpt__gsm8k.json,full_llama2_composite_meta3_unlearn,full,global,llama2_composite_meta3_unlearn,llama2_composite_meta3_unlearn,LLaMA 2,Unlearn,gsm8k,gsm8k,,0.08339651250947688,{'gsm8k': 0.08339651250947688},{},"('global', 'full', 'llama2_composite_meta3_unlearn', 'gsm8k', '')",gsm8k,,,0.08339651250947688,,,,,,,,
107,eval_result/accuracies_ckpts_full_llama2_composite_meta3_unlearn_bank_perclient.ckpt.json,full_llama2_composite_meta3_unlearn_bank_perclient,full,global,llama2_composite_meta3_unlearn_bank_perclient,llama2_composite_meta3_unlearn_bank_perclient,LLaMA 2,Unlearn,,,,0.4138299387551631,"{'STEM': 0.36381709741550694, 'humanities': 0.3487778958554729, 'social sciences': 0.48976275593110175, 'other (business, health, misc.)': 0.48272671190623073}",{},"('global', 'full', 'llama2_composite_meta3_unlearn_bank_perclient', '', '')",mmlu,0.36381709741550694,,,0.3487778958554729,,,0.48272671190623073,,,,0.48976275593110175
108,eval_result/accuracies_ckpts_full_llama2_composite_meta3_unlearn_bank_perclient.ckpt__gsm8k.json,full_llama2_composite_meta3_unlearn_bank_perclient,full,global,llama2_composite_meta3_unlearn_bank_perclient,llama2_composite_meta3_unlearn_bank_perclient,LLaMA 2,Unlearn,gsm8k,gsm8k,,0.11599696739954511,{'gsm8k': 0.11599696739954511},{},"('global', 'full', 'llama2_composite_meta3_unlearn_bank_perclient', 'gsm8k', '')",gsm8k,,,0.11599696739954511,,,,,,,,
109,eval_result/accuracies_ckpts_full_llama2_composite_meta3_unlearn_loo.ckpt.json,full_llama2_composite_meta3_unlearn_loo,full,global,llama2_composite_meta3_unlearn_loo,llama2_composite_meta3_unlearn_loo,LLaMA 2,Unlearn (LOO),,,,0.41589517162797324,"{'STEM': 0.3611663353214049, 'humanities': 0.3528161530286929, 'social sciences': 0.4926876828079298, 'other (business, health, misc.)': 0.4855027760641579}",{},"('global', 'full', 'llama2_composite_meta3_unlearn_loo', '', '')",mmlu,0.3611663353214049,,,0.3528161530286929,,,0.4855027760641579,,,,0.4926876828079298
110,eval_result/accuracies_ckpts_full_llama2_composite_meta3_unlearn_loo.ckpt__code.json,full_llama2_composite_meta3_unlearn_loo,full,global,llama2_composite_meta3_unlearn_loo,llama2_composite_meta3_unlearn_loo,LLaMA 2,Unlearn (LOO),code,code,,0.5038446617393986,"{'python': 0.49657287157287155, 'javascript': 0.49436989048280117, 'java': 0.5001672302946969, 'ruby': 0.5046072838964458, 'php': 0.515304145679969, 'go': 0.503463718424183}",{},"('global', 'full', 'llama2_composite_meta3_unlearn_loo', 'code', '')",code,,0.503463718424183,,,0.5001672302946969,0.49436989048280117,,0.515304145679969,0.49657287157287155,0.5046072838964458,
111,eval_result/accuracies_ckpts_full_llama2_composite_meta3_unlearn_loo.ckpt__gsm8k.json,full_llama2_composite_meta3_unlearn_loo,full,global,llama2_composite_meta3_unlearn_loo,llama2_composite_meta3_unlearn_loo,LLaMA 2,Unlearn (LOO),gsm8k,gsm8k,,0.07429871114480667,{'gsm8k': 0.07429871114480667},{},"('global', 'full', 'llama2_composite_meta3_unlearn_loo', 'gsm8k', '')",gsm8k,,,0.07429871114480667,,,,,,,,
112,eval_result/accuracies_ckpts_full_llama2_composite_meta3_unlearn_loo_shrink05.ckpt.json,full_llama2_composite_meta3_unlearn_loo_shrink05,full,global,llama2_composite_meta3_unlearn_loo_shrink05,llama2_composite_meta3_unlearn_loo_shrink05,LLaMA 2,"Unlearn (LOO, shrink=0.5)",,,,0.41603760148127045,"{'STEM': 0.36547382372432075, 'humanities': 0.353028692879915, 'social sciences': 0.49203769905752354, 'other (business, health, misc.)': 0.4824182603331277}",{},"('global', 'full', 'llama2_composite_meta3_unlearn_loo_shrink05', '', '')",mmlu,0.36547382372432075,,,0.353028692879915,,,0.4824182603331277,,,,0.49203769905752354
113,eval_result/accuracies_ckpts_full_llama2_composite_meta3_unlearn_loo_shrink05.ckpt__code.json,full_llama2_composite_meta3_unlearn_loo_shrink05,full,global,llama2_composite_meta3_unlearn_loo_shrink05,llama2_composite_meta3_unlearn_loo_shrink05,LLaMA 2,"Unlearn (LOO, shrink=0.5)",code,code,,0.5082513503566135,"{'python': 0.49846681096681095, 'javascript': 0.4969921332716335, 'java': 0.5057044111635512, 'ruby': 0.5028521281263713, 'php': 0.5225951886161108, 'go': 0.5057028899307257}",{},"('global', 'full', 'llama2_composite_meta3_unlearn_loo_shrink05', 'code', '')",code,,0.5057028899307257,,,0.5057044111635512,0.4969921332716335,,0.5225951886161108,0.49846681096681095,0.5028521281263713,
114,eval_result/accuracies_ckpts_full_llama2_composite_meta3_unlearn_loo_shrink05.ckpt__gsm8k.json,full_llama2_composite_meta3_unlearn_loo_shrink05,full,global,llama2_composite_meta3_unlearn_loo_shrink05,llama2_composite_meta3_unlearn_loo_shrink05,LLaMA 2,"Unlearn (LOO, shrink=0.5)",gsm8k,gsm8k,,0.11372251705837756,{'gsm8k': 0.11372251705837756},{},"('global', 'full', 'llama2_composite_meta3_unlearn_loo_shrink05', 'gsm8k', '')",gsm8k,,,0.11372251705837756,,,,,,,,
115,eval_result/accuracies_ckpts_full_llama2_composite_meta3_unlearn_shrink05.ckpt.json,full_llama2_composite_meta3_unlearn_shrink05,full,global,llama2_composite_meta3_unlearn_shrink05,llama2_composite_meta3_unlearn_shrink05,LLaMA 2,Unlearn (shrink=0.5),,,,0.4173194701609457,"{'STEM': 0.3667992047713718, 'humanities': 0.3532412327311371, 'social sciences': 0.49398765030874225, 'other (business, health, misc.)': 0.4845774213448489}",{},"('global', 'full', 'llama2_composite_meta3_unlearn_shrink05', '', '')",mmlu,0.3667992047713718,,,0.3532412327311371,,,0.4845774213448489,,,,0.49398765030874225
116,eval_result/accuracies_ckpts_full_llama2_composite_meta3_unlearn_shrink05.ckpt__code.json,full_llama2_composite_meta3_unlearn_shrink05,full,global,llama2_composite_meta3_unlearn_shrink05,llama2_composite_meta3_unlearn_shrink05,LLaMA 2,Unlearn (shrink=0.5),code,code,,0.5086890350048244,"{'python': 0.5027958152958153, 'javascript': 0.4969921332716335, 'java': 0.5057044111635512, 'ruby': 0.49978060552874065, 'php': 0.5204466204078757, 'go': 0.506822475683997}",{},"('global', 'full', 'llama2_composite_meta3_unlearn_shrink05', 'code', '')",code,,0.506822475683997,,,0.5057044111635512,0.4969921332716335,,0.5204466204078757,0.5027958152958153,0.49978060552874065,
117,eval_result/accuracies_ckpts_full_llama2_composite_meta3_unlearn_shrink05.ckpt__gsm8k.json,full_llama2_composite_meta3_unlearn_shrink05,full,global,llama2_composite_meta3_unlearn_shrink05,llama2_composite_meta3_unlearn_shrink05,LLaMA 2,Unlearn (shrink=0.5),gsm8k,gsm8k,,0.09704321455648218,{'gsm8k': 0.09704321455648218},{},"('global', 'full', 'llama2_composite_meta3_unlearn_shrink05', 'gsm8k', '')",gsm8k,,,0.09704321455648218,,,,,,,,
118,eval_result/accuracies_ckpts_full_qwen15moe_composite_meta3.ckpt.json,full_qwen15moe_composite_meta3,full,global,qwen15moe_composite_meta3,qwen15moe_composite_meta3,Qwen 1.5 MoE,Standard,,,,0.5253525138869107,"{'STEM': 0.4907223326706428, 'humanities': 0.3944739638682253, 'social sciences': 0.650308742281443, 'other (business, health, misc.)': 0.6289327575570636}",{},"('global', 'full', 'qwen15moe_composite_meta3', '', '')",mmlu,0.4907223326706428,,,0.3944739638682253,,,0.6289327575570636,,,,0.650308742281443
119,eval_result/accuracies_ckpts_full_qwen15moe_composite_meta3.ckpt__gsm8k.json,full_qwen15moe_composite_meta3,full,global,qwen15moe_composite_meta3,qwen15moe_composite_meta3,Qwen 1.5 MoE,Standard,gsm8k,gsm8k,,0.5269143290371494,{'gsm8k': 0.5269143290371494},{},"('global', 'full', 'qwen15moe_composite_meta3', 'gsm8k', '')",gsm8k,,,0.5269143290371494,,,,,,,,
120,eval_result/accuracies_ckpts_qwen15moe_composite_meta3.ckpt.json,qwen15moe_composite_meta3,default,global,qwen15moe_composite_meta3,qwen15moe_composite_meta3,Qwen 1.5 MoE,Standard,,,,0.5308360632388549,"{'STEM': 0.476805831676607, 'humanities': 0.40212539851222107, 'social sciences': 0.6545336366590835, 'other (business, health, misc.)': 0.6505243676742751}",{},"('global', 'default', 'qwen15moe_composite_meta3', '', '')",mmlu,0.476805831676607,,,0.40212539851222107,,,0.6505243676742751,,,,0.6545336366590835
121,eval_result/accuracies_ckpts_full_qwen15moe_composite_meta3_unlearn.ckpt__gsm8k.json,full_qwen15moe_composite_meta3_unlearn,full,global,qwen15moe_composite_meta3_unlearn,qwen15moe_composite_meta3_unlearn,Qwen 1.5 MoE,Unlearn,gsm8k,gsm8k,,0.6345716451857468,{'gsm8k': 0.6345716451857468},{},"('global', 'full', 'qwen15moe_composite_meta3_unlearn', 'gsm8k', '')",gsm8k,,,0.6345716451857468,,,,,,,,
122,eval_result/accuracies_ckpts_full_qwen15moe_composite_meta3_unlearn_shrink05.ckpt__gsm8k.json,full_qwen15moe_composite_meta3_unlearn_shrink05,full,global,qwen15moe_composite_meta3_unlearn_shrink05,qwen15moe_composite_meta3_unlearn_shrink05,Qwen 1.5 MoE,Unlearn (shrink=0.5),gsm8k,gsm8k,,0.6345716451857468,{'gsm8k': 0.6345716451857468},{},"('global', 'full', 'qwen15moe_composite_meta3_unlearn_shrink05', 'gsm8k', '')",gsm8k,,,0.6345716451857468,,,,,,,,
